board,subject,grade,chapter,concept,skill,prereq_concepts_L1_same_chapter,prereq_skills_L1_same_chapter,prereq_concepts_L2_cross_chapter,prereq_skills_L2_cross_chapter,prereq_concepts_L3_prior_grade,prereq_skills_L3_prior_grade
CBSE,Maths,Grade 3,Chapter2_Toy_Joy,Numerals 100-500: Counting and reciting number names,"Count objects and groups concretely, pictorially and symbolically within 100-500",[],[],[],[],[],[]
CBSE,Maths,Grade 3,Chapter2_Toy_Joy,Numerals 100-500: Counting and reciting number names,Recite number names for numbers between 100 and 500,[],[],[],[],[],[]
CBSE,Maths,Grade 3,Chapter2_Toy_Joy,Numerals 100-500: Counting and reciting number names,Match a given quantity with its correct number name in the 100-500 range,[],"[""Recite number names for numbers between 100 and 500""]",[],[],[],[]
CBSE,Maths,Grade 3,Chapter2_Toy_Joy,Numerals 100-500: Identifying and writing numerals/number names,Identify a numeral from its spoken or written number name within 100-500,"[""Numerals 100-500: Counting and reciting number names""]","[""Recite number names for numbers between 100 and 500""]","[{""chapter"": ""Chapter1_Whats_in_a_Name"", ""concept"": ""Number names between 1 and 99"", ""reason"": ""Writing number names for 100-500 (e.g., two hundred thirty-five) requires already knowing how the tens-and-ones portion of the number name is formed for numbers 1-99.""}, {""chapter"": ""Chapter1_Whats_in_a_Name"", ""concept"": ""Number names and counting their letters"", ""reason"": ""Derived from skill prerequisite: 'Write number names for given numbers' (in Chapter1_Whats_in_a_Name) is a prerequisite of a skill under this concept.""}]",[],"[{""grade"": ""Grade 1"", ""chapter"": ""Chapter 8"", ""concept"": ""Numerals (21-50): Number names and numerals"", ""reason"": ""Derived from skill prerequisite: 'Match a spoken or written number name to its correct numeral' (in Grade 1/Chapter 8) is a prerequisite of a skill under this concept.""}, {""grade"": ""Grade 1"", ""chapter"": ""Chapter 8"", ""concept"": ""Numbers 51 to 99"", ""reason"": ""Derived from skill prerequisite: 'Read and write number names from twenty-one to one hundred' (in Grade 1/Chapter 8) is a prerequisite of a skill under this concept.""}]","[{""grade"": ""Grade 1"", ""chapter"": ""Chapter 8"", ""skill"": ""Match a spoken or written number name to its correct numeral"", ""reason"": ""Requires the previously learned skill of matching number names to numerals, now applied to three-digit numbers.""}]"
CBSE,Maths,Grade 3,Chapter2_Toy_Joy,Numerals 100-500: Identifying and writing numerals/number names,Write the numeral for a given number name between 100 and 500,"[""Numerals 100-500: Counting and reciting number names""]","[""Identify a numeral from its spoken or written number name within 100-500""]","[{""chapter"": ""Chapter1_Whats_in_a_Name"", ""concept"": ""Number names between 1 and 99"", ""reason"": ""Writing number names for 100-500 (e.g., two hundred thirty-five) requires already knowing how the tens-and-ones portion of the number name is formed for numbers 1-99.""}, {""chapter"": ""Chapter1_Whats_in_a_Name"", ""concept"": ""Number names and counting their letters"", ""reason"": ""Derived from skill prerequisite: 'Write number names for given numbers' (in Chapter1_Whats_in_a_Name) is a prerequisite of a skill under this concept.""}]",[],"[{""grade"": ""Grade 1"", ""chapter"": ""Chapter 8"", ""concept"": ""Numerals (21-50): Number names and numerals"", ""reason"": ""Derived from skill prerequisite: 'Match a spoken or written number name to its correct numeral' (in Grade 1/Chapter 8) is a prerequisite of a skill under this concept.""}, {""grade"": ""Grade 1"", ""chapter"": ""Chapter 8"", ""concept"": ""Numbers 51 to 99"", ""reason"": ""Derived from skill prerequisite: 'Read and write number names from twenty-one to one hundred' (in Grade 1/Chapter 8) is a prerequisite of a skill under this concept.""}]","[{""grade"": ""Grade 1"", ""chapter"": ""Chapter 8"", ""skill"": ""Read and write number names from twenty-one to one hundred"", ""reason"": ""Builds directly on the number-naming convention established for two-digit numbers, extending it to three digits.""}]"
CBSE,Maths,Grade 3,Chapter2_Toy_Joy,Numerals 100-500: Identifying and writing numerals/number names,Write the number name for a given numeral between 100 and 500,"[""Numerals 100-500: Counting and reciting number names""]","[""Recite number names for numbers between 100 and 500""]","[{""chapter"": ""Chapter1_Whats_in_a_Name"", ""concept"": ""Number names between 1 and 99"", ""reason"": ""Writing number names for 100-500 (e.g., two hundred thirty-five) requires already knowing how the tens-and-ones portion of the number name is formed for numbers 1-99.""}, {""chapter"": ""Chapter1_Whats_in_a_Name"", ""concept"": ""Number names and counting their letters"", ""reason"": ""Derived from skill prerequisite: 'Write number names for given numbers' (in Chapter1_Whats_in_a_Name) is a prerequisite of a skill under this concept.""}]","[{""chapter"": ""Chapter1_Whats_in_a_Name"", ""skill"": ""Write number names for given numbers"", ""reason"": ""Constructing the number name for a 3-digit numeral depends on already being able to write the number name for its tens-and-ones part, which is the skill practiced with numbers up to 99.""}]","[{""grade"": ""Grade 1"", ""chapter"": ""Chapter 8"", ""concept"": ""Numerals (21-50): Number names and numerals"", ""reason"": ""Derived from skill prerequisite: 'Match a spoken or written number name to its correct numeral' (in Grade 1/Chapter 8) is a prerequisite of a skill under this concept.""}, {""grade"": ""Grade 1"", ""chapter"": ""Chapter 8"", ""concept"": ""Numbers 51 to 99"", ""reason"": ""Derived from skill prerequisite: 'Read and write number names from twenty-one to one hundred' (in Grade 1/Chapter 8) is a prerequisite of a skill under this concept.""}]","[{""grade"": ""Grade 1"", ""chapter"": ""Chapter 8"", ""skill"": ""Read and write number names from twenty-one to one hundred"", ""reason"": ""Builds directly on the number-naming convention established for two-digit numbers, extending it to three digits.""}]"
CBSE,Maths,Grade 3,Chapter2_Toy_Joy,Numerals 501-999: Counting and reciting number names,Count objects and groups pictorially and symbolically within 501-999,"[""Numerals 100-500: Counting and reciting number names""]",[],[],[],[],[]
CBSE,Maths,Grade 3,Chapter2_Toy_Joy,Numerals 501-999: Counting and reciting number names,Recite number names for numbers between 501 and 999,"[""Numerals 100-500: Counting and reciting number names""]",[],[],[],[],[]
CBSE,Maths,Grade 3,Chapter2_Toy_Joy,Numerals 501-999: Counting and reciting number names,Match a given quantity with its correct number name in the 501-999 range,"[""Numerals 100-500: Counting and reciting number names""]","[""Recite number names for numbers between 501 and 999""]",[],[],[],[]
CBSE,Maths,Grade 3,Chapter2_Toy_Joy,Numerals 501-999: Identifying and writing numerals/number names,Identify a numeral from its spoken or written number name within 501-999,"[""Numerals 100-500: Identifying and writing numerals/number names"", ""Numerals 501-999: Counting and reciting number names""]","[""Recite number names for numbers between 501 and 999""]","[{""chapter"": ""Chapter1_Whats_in_a_Name"", ""concept"": ""Number names between 1 and 99"", ""reason"": ""Writing number names for 501-999 requires already knowing how the tens-and-ones portion of the number name is formed for numbers 1-99.""}, {""chapter"": ""Chapter1_Whats_in_a_Name"", ""concept"": ""Number names and counting their letters"", ""reason"": ""Derived from skill prerequisite: 'Write number names for given numbers' (in Chapter1_Whats_in_a_Name) is a prerequisite of a skill under this concept.""}]",[],[],[]
CBSE,Maths,Grade 3,Chapter2_Toy_Joy,Numerals 501-999: Identifying and writing numerals/number names,Write the numeral for a given number name between 501 and 999,"[""Numerals 100-500: Identifying and writing numerals/number names"", ""Numerals 501-999: Counting and reciting number names""]","[""Identify a numeral from its spoken or written number name within 501-999""]","[{""chapter"": ""Chapter1_Whats_in_a_Name"", ""concept"": ""Number names between 1 and 99"", ""reason"": ""Writing number names for 501-999 requires already knowing how the tens-and-ones portion of the number name is formed for numbers 1-99.""}, {""chapter"": ""Chapter1_Whats_in_a_Name"", ""concept"": ""Number names and counting their letters"", ""reason"": ""Derived from skill prerequisite: 'Write number names for given numbers' (in Chapter1_Whats_in_a_Name) is a prerequisite of a skill under this concept.""}]",[],[],[]
CBSE,Maths,Grade 3,Chapter2_Toy_Joy,Numerals 501-999: Identifying and writing numerals/number names,Write the number name for a given numeral between 501 and 999,"[""Numerals 100-500: Identifying and writing numerals/number names"", ""Numerals 501-999: Counting and reciting number names""]","[""Recite number names for numbers between 501 and 999""]","[{""chapter"": ""Chapter1_Whats_in_a_Name"", ""concept"": ""Number names between 1 and 99"", ""reason"": ""Writing number names for 501-999 requires already knowing how the tens-and-ones portion of the number name is formed for numbers 1-99.""}, {""chapter"": ""Chapter1_Whats_in_a_Name"", ""concept"": ""Number names and counting their letters"", ""reason"": ""Derived from skill prerequisite: 'Write number names for given numbers' (in Chapter1_Whats_in_a_Name) is a prerequisite of a skill under this concept.""}]","[{""chapter"": ""Chapter1_Whats_in_a_Name"", ""skill"": ""Write number names for given numbers"", ""reason"": ""Constructing the number name for a 3-digit numeral in this range depends on already being able to write the number name for its tens-and-ones part, which is the skill practiced with numbers up to 99.""}]",[],[]
CBSE,Maths,Grade 3,Chapter2_Toy_Joy,Numbers 100-500: Number sequences without skips,Identify the missing numbers in a forward counting sequence between 100 and 500,"[""Numerals 100-500: Counting and reciting number names""]","[""Count objects and groups concretely, pictorially and symbolically within 100-500""]",[],[],"[{""grade"": ""Grade 1"", ""chapter"": ""Chapter 8"", ""concept"": ""Number sequence and ordering (1 to 100)"", ""reason"": ""Derived from skill prerequisite: 'Fill in missing numbers in a sequence from 1 to 100' (in Grade 1/Chapter 8) is a prerequisite of a skill under this concept.""}]","[{""grade"": ""Grade 1"", ""chapter"": ""Chapter 8"", ""skill"": ""Fill in missing numbers in a sequence from 1 to 100"", ""reason"": ""Requires the previously learned skill of finding missing terms in a counting sequence, now applied within a larger range.""}]"
CBSE,Maths,Grade 3,Chapter2_Toy_Joy,Numbers 100-500: Number sequences without skips,Identify the missing numbers in a backward counting sequence between 100 and 500,"[""Numerals 100-500: Counting and reciting number names""]","[""Count objects and groups concretely, pictorially and symbolically within 100-500""]",[],[],"[{""grade"": ""Grade 1"", ""chapter"": ""Chapter 8"", ""concept"": ""Number sequence and ordering (1 to 100)"", ""reason"": ""Derived from skill prerequisite: 'Fill in missing numbers in a sequence from 1 to 100' (in Grade 1/Chapter 8) is a prerequisite of a skill under this concept.""}]","[{""grade"": ""Grade 1"", ""chapter"": ""Chapter 8"", ""skill"": ""Count backwards from a given number up to 100"", ""reason"": ""Requires the previously learned skill of counting backward fluently, now applied within a larger range.""}]"
CBSE,Maths,Grade 3,Chapter2_Toy_Joy,Numbers 100-500: Number sequences without skips,Complete a number sequence by counting forward and backward between 100 and 500,"[""Numerals 100-500: Counting and reciting number names""]","[""Identify the missing numbers in a forward counting sequence between 100 and 500"", ""Identify the missing numbers in a backward counting sequence between 100 and 500""]",[],[],"[{""grade"": ""Grade 1"", ""chapter"": ""Chapter 8"", ""concept"": ""Number sequence and ordering (1 to 100)"", ""reason"": ""Derived from skill prerequisite: 'Fill in missing numbers in a sequence from 1 to 100' (in Grade 1/Chapter 8) is a prerequisite of a skill under this concept.""}]","[{""grade"": ""Grade 1"", ""chapter"": ""Chapter 8"", ""skill"": ""Sequence given numbers up to 100 in increasing or decreasing order"", ""reason"": ""Requires the previously learned skill of ordering numbers forward and backward, now applied within a larger range.""}]"
CBSE,Maths,Grade 3,Chapter2_Toy_Joy,Numbers 501-999: Number sequences without skips,Identify the missing numbers in a forward counting sequence between 501 and 999,"[""Numbers 100-500: Number sequences without skips"", ""Numerals 501-999: Counting and reciting number names""]","[""Count objects and groups pictorially and symbolically within 501-999""]",[],[],[],[]
CBSE,Maths,Grade 3,Chapter2_Toy_Joy,Numbers 501-999: Number sequences without skips,Identify the missing numbers in a backward counting sequence between 501 and 999,"[""Numbers 100-500: Number sequences without skips"", ""Numerals 501-999: Counting and reciting number names""]","[""Count objects and groups pictorially and symbolically within 501-999""]",[],[],[],[]
CBSE,Maths,Grade 3,Chapter2_Toy_Joy,Numbers 501-999: Number sequences without skips,Complete a number sequence by counting forward and backward between 501 and 999,"[""Numbers 100-500: Number sequences without skips"", ""Numerals 501-999: Counting and reciting number names""]","[""Identify the missing numbers in a forward counting sequence between 501 and 999"", ""Identify the missing numbers in a backward counting sequence between 501 and 999""]",[],[],[],[]
CBSE,Maths,Grade 3,Chapter2_Toy_Joy,Numbers 100-500: Skip counting sequences,"Complete a forward skip counting sequence in 2s, 4s, 5s, 10s and 50s between 100 and 500",[],"[""Determine the skip count interval used in a given sequence between 100 and 500""]",[],[],"[{""grade"": ""Grade 2"", ""chapter"": ""Chapter3_Fun_with_Numbers"", ""concept"": ""Skip counting forward (in twos, threes, fives, sevens, tens)"", ""reason"": ""Introduces the technique of counting forward in fixed intervals, which the target extends to the 100-500 number range.""}, {""grade"": ""Grade 2"", ""chapter"": ""Chapter3_Fun_with_Numbers"", ""concept"": ""Skip counting backward and decreasing number patterns"", ""reason"": ""Derived from skill prerequisite: 'Complete backward-counting patterns by identifying the decreasing rule' (in Grade 2/Chapter3_Fun_with_Numbers) is a prerequisite of a skill under this concept.""}]","[{""grade"": ""Grade 2"", ""chapter"": ""Chapter3_Fun_with_Numbers"", ""skill"": ""Apply skip counting in twos, threes, fives, sevens, and tens on a number chart"", ""reason"": ""Requires the previously learned procedure of counting forward by a fixed interval, now applied to a wider number range.""}]"
CBSE,Maths,Grade 3,Chapter2_Toy_Joy,Numbers 100-500: Skip counting sequences,"Complete a backward skip counting sequence in 2s, 4s, 5s, 10s and 50s between 100 and 500",[],"[""Determine the skip count interval used in a given sequence between 100 and 500""]",[],[],"[{""grade"": ""Grade 2"", ""chapter"": ""Chapter3_Fun_with_Numbers"", ""concept"": ""Skip counting forward (in twos, threes, fives, sevens, tens)"", ""reason"": ""Introduces the technique of counting forward in fixed intervals, which the target extends to the 100-500 number range.""}, {""grade"": ""Grade 2"", ""chapter"": ""Chapter3_Fun_with_Numbers"", ""concept"": ""Skip counting backward and decreasing number patterns"", ""reason"": ""Derived from skill prerequisite: 'Complete backward-counting patterns by identifying the decreasing rule' (in Grade 2/Chapter3_Fun_with_Numbers) is a prerequisite of a skill under this concept.""}]","[{""grade"": ""Grade 2"", ""chapter"": ""Chapter3_Fun_with_Numbers"", ""skill"": ""Complete backward-counting patterns by identifying the decreasing rule"", ""reason"": ""Requires the previously learned procedure of decreasing by a fixed interval, now applied to a wider number range.""}]"
CBSE,Maths,Grade 3,Chapter2_Toy_Joy,Numbers 100-500: Skip counting sequences,Determine the skip count interval used in a given sequence between 100 and 500,[],[],[],[],"[{""grade"": ""Grade 2"", ""chapter"": ""Chapter3_Fun_with_Numbers"", ""concept"": ""Skip counting forward (in twos, threes, fives, sevens, tens)"", ""reason"": ""Introduces the technique of counting forward in fixed intervals, which the target extends to the 100-500 number range.""}, {""grade"": ""Grade 2"", ""chapter"": ""Chapter3_Fun_with_Numbers"", ""concept"": ""Skip counting backward and decreasing number patterns"", ""reason"": ""Derived from skill prerequisite: 'Complete backward-counting patterns by identifying the decreasing rule' (in Grade 2/Chapter3_Fun_with_Numbers) is a prerequisite of a skill under this concept.""}]","[{""grade"": ""Grade 2"", ""chapter"": ""Chapter3_Fun_with_Numbers"", ""skill"": ""Complete number sequences by identifying the skip-counting rule"", ""reason"": ""Requires the previously learned skill of inferring the interval rule from a counting sequence, applied to a wider number range.""}]"
CBSE,Maths,Grade 3,Chapter2_Toy_Joy,Numbers 501-999: Skip counting sequences,"Complete a forward skip counting sequence in 2s, 4s, 5s, 10s and 50s between 501 and 999","[""Numbers 100-500: Skip counting sequences""]","[""Determine the skip count interval used in a given sequence between 501 and 999""]",[],[],"[{""grade"": ""Grade 2"", ""chapter"": ""Chapter3_Fun_with_Numbers"", ""concept"": ""Skip counting forward (in twos, threes, fives, sevens, tens)"", ""reason"": ""Introduces the technique of counting forward in fixed intervals, which the target extends to the 501-999 number range.""}, {""grade"": ""Grade 2"", ""chapter"": ""Chapter3_Fun_with_Numbers"", ""concept"": ""Skip counting backward and decreasing number patterns"", ""reason"": ""Derived from skill prerequisite: 'Complete backward-counting patterns by identifying the decreasing rule' (in Grade 2/Chapter3_Fun_with_Numbers) is a prerequisite of a skill under this concept.""}]","[{""grade"": ""Grade 2"", ""chapter"": ""Chapter3_Fun_with_Numbers"", ""skill"": ""Apply skip counting in twos, threes, fives, sevens, and tens on a number chart"", ""reason"": ""Requires the previously learned procedure of counting forward by a fixed interval, now applied to an even wider number range.""}]"
CBSE,Maths,Grade 3,Chapter2_Toy_Joy,Numbers 501-999: Skip counting sequences,"Complete a backward skip counting sequence in 2s, 4s, 5s, 10s and 50s between 501 and 999","[""Numbers 100-500: Skip counting sequences""]","[""Determine the skip count interval used in a given sequence between 501 and 999""]",[],[],"[{""grade"": ""Grade 2"", ""chapter"": ""Chapter3_Fun_with_Numbers"", ""concept"": ""Skip counting forward (in twos, threes, fives, sevens, tens)"", ""reason"": ""Introduces the technique of counting forward in fixed intervals, which the target extends to the 501-999 number range.""}, {""grade"": ""Grade 2"", ""chapter"": ""Chapter3_Fun_with_Numbers"", ""concept"": ""Skip counting backward and decreasing number patterns"", ""reason"": ""Derived from skill prerequisite: 'Complete backward-counting patterns by identifying the decreasing rule' (in Grade 2/Chapter3_Fun_with_Numbers) is a prerequisite of a skill under this concept.""}]","[{""grade"": ""Grade 2"", ""chapter"": ""Chapter3_Fun_with_Numbers"", ""skill"": ""Complete backward-counting patterns by identifying the decreasing rule"", ""reason"": ""Requires the previously learned procedure of decreasing by a fixed interval, now applied to an even wider number range.""}]"
CBSE,Maths,Grade 3,Chapter2_Toy_Joy,Numbers 501-999: Skip counting sequences,Determine the skip count interval used in a given sequence between 501 and 999,"[""Numbers 100-500: Skip counting sequences""]",[],[],[],"[{""grade"": ""Grade 2"", ""chapter"": ""Chapter3_Fun_with_Numbers"", ""concept"": ""Skip counting forward (in twos, threes, fives, sevens, tens)"", ""reason"": ""Introduces the technique of counting forward in fixed intervals, which the target extends to the 501-999 number range.""}, {""grade"": ""Grade 2"", ""chapter"": ""Chapter3_Fun_with_Numbers"", ""concept"": ""Skip counting backward and decreasing number patterns"", ""reason"": ""Derived from skill prerequisite: 'Complete backward-counting patterns by identifying the decreasing rule' (in Grade 2/Chapter3_Fun_with_Numbers) is a prerequisite of a skill under this concept.""}]","[{""grade"": ""Grade 2"", ""chapter"": ""Chapter3_Fun_with_Numbers"", ""skill"": ""Complete number sequences by identifying the skip-counting rule"", ""reason"": ""Requires the previously learned skill of inferring the interval rule from a counting sequence, applied to an even wider number range.""}]"
CBSE,Maths,Grade 3,Chapter2_Toy_Joy,"3D shapes: cube, cuboid, cylinder, cone, sphere","Identify 3D shapes — cube, cuboid, cylinder, cone, and sphere — in real-life objects",[],[],[],[],"[{""grade"": ""Grade 2"", ""chapter"": ""Chapter2_Shapes_Around_Us"", ""concept"": ""Identifying and naming 3D shapes"", ""reason"": ""Students must already recognise and name cuboid, cylinder, cone and sphere before the target adds the cube to this set of solids.""}, {""grade"": ""Grade 2"", ""chapter"": ""Chapter2_Shapes_Around_Us"", ""concept"": ""Sorting and matching 3D objects by observable features"", ""reason"": ""Derived from skill prerequisite: 'Sort a group of everyday objects into categories based on their 3D shape (e.g., all cylinders together, all spheres together)' (in Grade 2/Chapter2_Shapes_Around_Us) is a prerequisite of a skill under this concept.""}]","[{""grade"": ""Grade 2"", ""chapter"": ""Chapter2_Shapes_Around_Us"", ""skill"": ""Identify and name basic 3D shapes (cuboid, cylinder, cone, sphere) by observing and describing their physical features"", ""reason"": ""The target adds the cube to a set of solids students must already be able to identify and name from real-life objects.""}]"
CBSE,Maths,Grade 3,Chapter2_Toy_Joy,"3D shapes: cube, cuboid, cylinder, cone, sphere",Distinguish between 3D shapes based on their overall appearance,[],[],[],[],"[{""grade"": ""Grade 2"", ""chapter"": ""Chapter2_Shapes_Around_Us"", ""concept"": ""Identifying and naming 3D shapes"", ""reason"": ""Students must already recognise and name cuboid, cylinder, cone and sphere before the target adds the cube to this set of solids.""}, {""grade"": ""Grade 2"", ""chapter"": ""Chapter2_Shapes_Around_Us"", ""concept"": ""Sorting and matching 3D objects by observable features"", ""reason"": ""Derived from skill prerequisite: 'Sort a group of everyday objects into categories based on their 3D shape (e.g., all cylinders together, all spheres together)' (in Grade 2/Chapter2_Shapes_Around_Us) is a prerequisite of a skill under this concept.""}]","[{""grade"": ""Grade 2"", ""chapter"": ""Chapter2_Shapes_Around_Us"", ""skill"": ""Distinguish between different 3D shapes by describing their observable physical features"", ""reason"": ""Requires the previously learned skill of comparing solids by their visual features.""}]"
CBSE,Maths,Grade 3,Chapter2_Toy_Joy,"3D shapes: cube, cuboid, cylinder, cone, sphere",Classify a collection of real-life objects according to the 3D shape they resemble,[],[],[],[],"[{""grade"": ""Grade 2"", ""chapter"": ""Chapter2_Shapes_Around_Us"", ""concept"": ""Identifying and naming 3D shapes"", ""reason"": ""Students must already recognise and name cuboid, cylinder, cone and sphere before the target adds the cube to this set of solids.""}, {""grade"": ""Grade 2"", ""chapter"": ""Chapter2_Shapes_Around_Us"", ""concept"": ""Sorting and matching 3D objects by observable features"", ""reason"": ""Derived from skill prerequisite: 'Sort a group of everyday objects into categories based on their 3D shape (e.g., all cylinders together, all spheres together)' (in Grade 2/Chapter2_Shapes_Around_Us) is a prerequisite of a skill under this concept.""}]","[{""grade"": ""Grade 2"", ""chapter"": ""Chapter2_Shapes_Around_Us"", ""skill"": ""Sort a group of everyday objects into categories based on their 3D shape (e.g., all cylinders together, all spheres together)"", ""reason"": ""Requires the previously learned skill of sorting real-life objects by the 3D shape they resemble.""}]"
CBSE,Maths,Grade 3,Chapter2_Toy_Joy,Faces of 3D shapes (flat and curved),Identify the flat and curved faces of a given 3D shape,"[""3D shapes: cube, cuboid, cylinder, cone, sphere""]","[""Identify 3D shapes — cube, cuboid, cylinder, cone, and sphere — in real-life objects""]",[],[],"[{""grade"": ""Grade 2"", ""chapter"": ""Chapter2_Shapes_Around_Us"", ""concept"": ""Faces of solid shapes"", ""reason"": ""Introduces the very notion of a face on a solid, which the target builds on to classify faces as flat or curved.""}]",[]
CBSE,Maths,Grade 3,Chapter2_Toy_Joy,Faces of 3D shapes (flat and curved),Distinguish between flat faces and curved faces of 3D shapes,"[""3D shapes: cube, cuboid, cylinder, cone, sphere""]","[""Identify 3D shapes — cube, cuboid, cylinder, cone, and sphere — in real-life objects""]",[],[],"[{""grade"": ""Grade 2"", ""chapter"": ""Chapter2_Shapes_Around_Us"", ""concept"": ""Faces of solid shapes"", ""reason"": ""Introduces the very notion of a face on a solid, which the target builds on to classify faces as flat or curved.""}]",[]
CBSE,Maths,Grade 3,Chapter2_Toy_Joy,Faces of 3D shapes (flat and curved),Count the number of faces on a given 3D shape,"[""3D shapes: cube, cuboid, cylinder, cone, sphere""]","[""Identify the flat and curved faces of a given 3D shape""]",[],[],"[{""grade"": ""Grade 2"", ""chapter"": ""Chapter2_Shapes_Around_Us"", ""concept"": ""Faces of solid shapes"", ""reason"": ""Introduces the very notion of a face on a solid, which the target builds on to classify faces as flat or curved.""}]","[{""grade"": ""Grade 2"", ""chapter"": ""Chapter2_Shapes_Around_Us"", ""skill"": ""Count the number of faces on a given solid shape"", ""reason"": ""This is the identical counting procedure the target directly continues to use.""}]"
CBSE,Maths,Grade 3,Chapter2_Toy_Joy,Faces of 3D shapes (flat and curved),Classify shapes based on their faces,"[""3D shapes: cube, cuboid, cylinder, cone, sphere""]","[""Distinguish between flat faces and curved faces of 3D shapes"", ""Count the number of faces on a given 3D shape""]",[],[],"[{""grade"": ""Grade 2"", ""chapter"": ""Chapter2_Shapes_Around_Us"", ""concept"": ""Faces of solid shapes"", ""reason"": ""Introduces the very notion of a face on a solid, which the target builds on to classify faces as flat or curved.""}]",[]
CBSE,Maths,Grade 3,Chapter2_Toy_Joy,Edges of 3D shapes (straight and curved),Identify the straight and curved edges of a given 3D shape,"[""3D shapes: cube, cuboid, cylinder, cone, sphere"", ""Faces of 3D shapes (flat and curved)""]","[""Distinguish between flat faces and curved faces of 3D shapes""]",[],[],"[{""grade"": ""Grade 2"", ""chapter"": ""Chapter2_Shapes_Around_Us"", ""concept"": ""Edges of solid shapes"", ""reason"": ""Introduces the notion of an edge on a solid, which the target builds on to classify edges as straight or curved.""}, {""grade"": ""Grade 2"", ""chapter"": ""Chapter2_Shapes_Around_Us"", ""concept"": ""Straight and curved lines"", ""reason"": ""Derived from skill prerequisite: 'Identify whether the edges of a solid shape are straight, curved, or both, and name the shape accordingly' (in Grade 2/Chapter2_Shapes_Around_Us) is a prerequisite of a skill under this concept.""}]","[{""grade"": ""Grade 2"", ""chapter"": ""Chapter2_Shapes_Around_Us"", ""skill"": ""Identify whether the edges of a solid shape are straight, curved, or both, and name the shape accordingly"", ""reason"": ""This is the identical classification skill the target directly continues to use.""}]"
CBSE,Maths,Grade 3,Chapter2_Toy_Joy,Edges of 3D shapes (straight and curved),Distinguish between straight edges and curved edges of 3D shapes,"[""3D shapes: cube, cuboid, cylinder, cone, sphere"", ""Faces of 3D shapes (flat and curved)""]","[""Identify the straight and curved edges of a given 3D shape""]",[],[],"[{""grade"": ""Grade 2"", ""chapter"": ""Chapter2_Shapes_Around_Us"", ""concept"": ""Edges of solid shapes"", ""reason"": ""Introduces the notion of an edge on a solid, which the target builds on to classify edges as straight or curved.""}, {""grade"": ""Grade 2"", ""chapter"": ""Chapter2_Shapes_Around_Us"", ""concept"": ""Straight and curved lines"", ""reason"": ""Derived from skill prerequisite: 'Identify whether the edges of a solid shape are straight, curved, or both, and name the shape accordingly' (in Grade 2/Chapter2_Shapes_Around_Us) is a prerequisite of a skill under this concept.""}]","[{""grade"": ""Grade 2"", ""chapter"": ""Chapter2_Shapes_Around_Us"", ""skill"": ""Identify edges on a solid shape and describe whether they are straight or curved"", ""reason"": ""Requires the previously learned distinction between straight and curved edges on solids.""}]"
CBSE,Maths,Grade 3,Chapter2_Toy_Joy,Edges of 3D shapes (straight and curved),Count the number of edges on a given 3D shape,"[""3D shapes: cube, cuboid, cylinder, cone, sphere"", ""Faces of 3D shapes (flat and curved)""]","[""Identify the straight and curved edges of a given 3D shape""]",[],[],"[{""grade"": ""Grade 2"", ""chapter"": ""Chapter2_Shapes_Around_Us"", ""concept"": ""Edges of solid shapes"", ""reason"": ""Introduces the notion of an edge on a solid, which the target builds on to classify edges as straight or curved.""}, {""grade"": ""Grade 2"", ""chapter"": ""Chapter2_Shapes_Around_Us"", ""concept"": ""Straight and curved lines"", ""reason"": ""Derived from skill prerequisite: 'Identify whether the edges of a solid shape are straight, curved, or both, and name the shape accordingly' (in Grade 2/Chapter2_Shapes_Around_Us) is a prerequisite of a skill under this concept.""}]","[{""grade"": ""Grade 2"", ""chapter"": ""Chapter2_Shapes_Around_Us"", ""skill"": ""Count the number of edges on a given solid shape"", ""reason"": ""This is the identical counting procedure the target directly continues to use.""}]"
CBSE,Maths,Grade 3,Chapter2_Toy_Joy,Edges of 3D shapes (straight and curved),Classify shapes based on their edges,"[""3D shapes: cube, cuboid, cylinder, cone, sphere"", ""Faces of 3D shapes (flat and curved)""]","[""Distinguish between straight edges and curved edges of 3D shapes"", ""Count the number of edges on a given 3D shape""]",[],[],"[{""grade"": ""Grade 2"", ""chapter"": ""Chapter2_Shapes_Around_Us"", ""concept"": ""Edges of solid shapes"", ""reason"": ""Introduces the notion of an edge on a solid, which the target builds on to classify edges as straight or curved.""}, {""grade"": ""Grade 2"", ""chapter"": ""Chapter2_Shapes_Around_Us"", ""concept"": ""Straight and curved lines"", ""reason"": ""Derived from skill prerequisite: 'Identify whether the edges of a solid shape are straight, curved, or both, and name the shape accordingly' (in Grade 2/Chapter2_Shapes_Around_Us) is a prerequisite of a skill under this concept.""}]",[]
CBSE,Maths,Grade 3,Chapter2_Toy_Joy,Corners of 3D shapes,Identify the corners on a given 3D shape,"[""3D shapes: cube, cuboid, cylinder, cone, sphere""]",[],[],[],"[{""grade"": ""Grade 2"", ""chapter"": ""Chapter2_Shapes_Around_Us"", ""concept"": ""Corners of solid shapes"", ""reason"": ""Introduces the notion of a corner on a solid, which the target builds on for counting and comparing corners.""}]",[]
CBSE,Maths,Grade 3,Chapter2_Toy_Joy,Corners of 3D shapes,Count the number of corners on a given 3D shape,"[""3D shapes: cube, cuboid, cylinder, cone, sphere""]","[""Identify the corners on a given 3D shape""]",[],[],"[{""grade"": ""Grade 2"", ""chapter"": ""Chapter2_Shapes_Around_Us"", ""concept"": ""Corners of solid shapes"", ""reason"": ""Introduces the notion of a corner on a solid, which the target builds on for counting and comparing corners.""}]","[{""grade"": ""Grade 2"", ""chapter"": ""Chapter2_Shapes_Around_Us"", ""skill"": ""Count the number of corners on a given solid shape"", ""reason"": ""This is the identical counting procedure the target directly continues to use.""}]"
CBSE,Maths,Grade 3,Chapter2_Toy_Joy,Corners of 3D shapes,Compare 3D shapes by the number of corners they have,"[""3D shapes: cube, cuboid, cylinder, cone, sphere""]","[""Count the number of corners on a given 3D shape""]",[],[],"[{""grade"": ""Grade 2"", ""chapter"": ""Chapter2_Shapes_Around_Us"", ""concept"": ""Corners of solid shapes"", ""reason"": ""Introduces the notion of a corner on a solid, which the target builds on for counting and comparing corners.""}]","[{""grade"": ""Grade 2"", ""chapter"": ""Chapter2_Shapes_Around_Us"", ""skill"": ""Compare the number of corners on two different solid shapes and state which has more or fewer corners"", ""reason"": ""This is the identical comparison skill the target directly continues to use.""}]"
CBSE,Maths,Grade 3,Chapter2_Toy_Joy,Cube as a special type of cuboid,Describe how a cube is a special type of cuboid,"[""3D shapes: cube, cuboid, cylinder, cone, sphere"", ""Faces of 3D shapes (flat and curved)"", ""Edges of 3D shapes (straight and curved)"", ""Corners of 3D shapes""]","[""Distinguish between flat faces and curved faces of 3D shapes"", ""Distinguish between straight edges and curved edges of 3D shapes"", ""Count the number of faces on a given 3D shape"", ""Count the number of edges on a given 3D shape""]",[],[],"[{""grade"": ""Grade 2"", ""chapter"": ""Chapter2_Shapes_Around_Us"", ""concept"": ""Identifying and naming 3D shapes"", ""reason"": ""A student must already know what a cuboid is before understanding a cube as a special case of it.""}, {""grade"": ""Grade 2"", ""chapter"": ""Chapter2_Shapes_Around_Us"", ""concept"": ""Comparing and classifying solid shapes by faces, edges, and corners"", ""reason"": ""Derived from skill prerequisite: 'Compare solid shapes and describe how they are similar or different using properties such as faces, edges, and corners' (in Grade 2/Chapter2_Shapes_Around_Us) is a prerequisite of a skill under this concept.""}]","[{""grade"": ""Grade 2"", ""chapter"": ""Chapter2_Shapes_Around_Us"", ""skill"": ""Identify and name basic 3D shapes (cuboid, cylinder, cone, sphere) by observing and describing their physical features"", ""reason"": ""A student must already be able to identify and describe a cuboid before understanding a cube as a special case of it.""}]"
CBSE,Maths,Grade 3,Chapter2_Toy_Joy,Cube as a special type of cuboid,Distinguish a cube from a general cuboid based on the equality of its faces and edges,"[""3D shapes: cube, cuboid, cylinder, cone, sphere"", ""Faces of 3D shapes (flat and curved)"", ""Edges of 3D shapes (straight and curved)"", ""Corners of 3D shapes""]","[""Describe how a cube is a special type of cuboid""]",[],[],"[{""grade"": ""Grade 2"", ""chapter"": ""Chapter2_Shapes_Around_Us"", ""concept"": ""Identifying and naming 3D shapes"", ""reason"": ""A student must already know what a cuboid is before understanding a cube as a special case of it.""}, {""grade"": ""Grade 2"", ""chapter"": ""Chapter2_Shapes_Around_Us"", ""concept"": ""Comparing and classifying solid shapes by faces, edges, and corners"", ""reason"": ""Derived from skill prerequisite: 'Compare solid shapes and describe how they are similar or different using properties such as faces, edges, and corners' (in Grade 2/Chapter2_Shapes_Around_Us) is a prerequisite of a skill under this concept.""}]","[{""grade"": ""Grade 2"", ""chapter"": ""Chapter2_Shapes_Around_Us"", ""skill"": ""Compare solid shapes and describe how they are similar or different using properties such as faces, edges, and corners"", ""reason"": ""Requires the previously learned skill of comparing solids using their faces, edges, and corners.""}]"
CBSE,Maths,Grade 3,Chapter2_Toy_Joy,Cube as a special type of cuboid,Compare 3D shapes by identifying similarities and differences in their properties,"[""3D shapes: cube, cuboid, cylinder, cone, sphere"", ""Faces of 3D shapes (flat and curved)"", ""Edges of 3D shapes (straight and curved)"", ""Corners of 3D shapes""]","[""Distinguish between flat faces and curved faces of 3D shapes"", ""Distinguish between straight edges and curved edges of 3D shapes"", ""Count the number of faces on a given 3D shape"", ""Count the number of edges on a given 3D shape"", ""Count the number of corners on a given 3D shape""]",[],[],"[{""grade"": ""Grade 2"", ""chapter"": ""Chapter2_Shapes_Around_Us"", ""concept"": ""Identifying and naming 3D shapes"", ""reason"": ""A student must already know what a cuboid is before understanding a cube as a special case of it.""}, {""grade"": ""Grade 2"", ""chapter"": ""Chapter2_Shapes_Around_Us"", ""concept"": ""Comparing and classifying solid shapes by faces, edges, and corners"", ""reason"": ""Derived from skill prerequisite: 'Compare solid shapes and describe how they are similar or different using properties such as faces, edges, and corners' (in Grade 2/Chapter2_Shapes_Around_Us) is a prerequisite of a skill under this concept.""}]","[{""grade"": ""Grade 2"", ""chapter"": ""Chapter2_Shapes_Around_Us"", ""skill"": ""Compare solid shapes and describe how they are similar or different using properties such as faces, edges, and corners"", ""reason"": ""This is the identical comparison-by-properties skill the target directly continues to use.""}]"
CBSE,Maths,Grade 3,Chapter2_Toy_Joy,Opposite faces of a cube (using a die),Identify the face opposite a given face on a cube (die),"[""Cube as a special type of cuboid""]","[""Describe how a cube is a special type of cuboid"", ""Distinguish a cube from a general cuboid based on the equality of its faces and edges""]",[],[],[],[]
CBSE,Maths,Grade 3,Chapter2_Toy_Joy,Opposite faces of a cube (using a die),Describe patterns in opposite faces of a cube,"[""Cube as a special type of cuboid""]","[""Identify the face opposite a given face on a cube (die)""]",[],[],[],[]
CBSE,Maths,Grade 3,Chapter2_Toy_Joy,"Spatial positions and relationships (on top of, between, under)","Describe the spatial position of shapes using terms such as on top of, between, and under","[""3D shapes: cube, cuboid, cylinder, cone, sphere""]","[""Identify 3D shapes — cube, cuboid, cylinder, cone, and sphere — in real-life objects""]",[],[],"[{""grade"": ""Grade 1"", ""chapter"": ""Chapter 1"", ""concept"": ""Positional words: on and under"", ""reason"": ""The target's use of 'on top of' and 'under' directly extends the positional vocabulary first introduced here.""}]","[{""grade"": ""Grade 1"", ""chapter"": ""Chapter 1"", ""skill"": ""Define and use the positional words on and under to describe the placement of objects relative to a surface or another object"", ""reason"": ""The target's use of 'on top of' and 'under' directly reuses this previously taught positional vocabulary.""}]"
CBSE,Maths,Grade 3,Chapter2_Toy_Joy,"Spatial positions and relationships (on top of, between, under)",Identify objects placed in a described spatial position within a given arrangement,"[""3D shapes: cube, cuboid, cylinder, cone, sphere""]","[""Describe the spatial position of shapes using terms such as on top of, between, and under""]",[],[],"[{""grade"": ""Grade 1"", ""chapter"": ""Chapter 1"", ""concept"": ""Positional words: on and under"", ""reason"": ""The target's use of 'on top of' and 'under' directly extends the positional vocabulary first introduced here.""}]","[{""grade"": ""Grade 1"", ""chapter"": ""Chapter 1"", ""skill"": ""Identify whether an object is on or under another object in pictures and classroom situations"", ""reason"": ""Requires the previously learned ability to locate objects using 'on' and 'under' before extending to other arrangements.""}]"
CBSE,Maths,Grade 3,Chapter2_Toy_Joy,Combining 3D shapes to make models and structures,"Name the 3D shapes used to construct models such as rockets, engines, and houses","[""3D shapes: cube, cuboid, cylinder, cone, sphere"", ""Cube as a special type of cuboid""]","[""Identify 3D shapes — cube, cuboid, cylinder, cone, and sphere — in real-life objects""]",[],[],"[{""grade"": ""Grade 1"", ""chapter"": ""Chapter 2"", ""concept"": ""3D shapes: spherical (round), cylindrical, conical, cuboid"", ""reason"": ""Derived from skill prerequisite: 'Construct structures using objects of different shapes' (in Grade 1/Chapter 2) is a prerequisite of a skill under this concept.""}, {""grade"": ""Grade 2"", ""chapter"": ""Chapter2_Shapes_Around_Us"", ""concept"": ""Identifying and naming 3D shapes"", ""reason"": ""Derived from skill prerequisite: 'Identify and name basic 3D shapes (cuboid, cylinder, cone, sphere) by observing and describing their physical features' (in Grade 2/Chapter2_Shapes_Around_Us) is a prerequisite of a skill under this concept.""}]","[{""grade"": ""Grade 2"", ""chapter"": ""Chapter2_Shapes_Around_Us"", ""skill"": ""Identify and name basic 3D shapes (cuboid, cylinder, cone, sphere) by observing and describing their physical features"", ""reason"": ""Requires already being able to identify and name basic 3D shapes before naming them within a composite model.""}]"
CBSE,Maths,Grade 3,Chapter2_Toy_Joy,Combining 3D shapes to make models and structures,Count the number of specific 3D shapes used in a given model,"[""3D shapes: cube, cuboid, cylinder, cone, sphere"", ""Cube as a special type of cuboid""]","[""Name the 3D shapes used to construct models such as rockets, engines, and houses""]",[],[],"[{""grade"": ""Grade 1"", ""chapter"": ""Chapter 2"", ""concept"": ""3D shapes: spherical (round), cylindrical, conical, cuboid"", ""reason"": ""Derived from skill prerequisite: 'Construct structures using objects of different shapes' (in Grade 1/Chapter 2) is a prerequisite of a skill under this concept.""}, {""grade"": ""Grade 2"", ""chapter"": ""Chapter2_Shapes_Around_Us"", ""concept"": ""Identifying and naming 3D shapes"", ""reason"": ""Derived from skill prerequisite: 'Identify and name basic 3D shapes (cuboid, cylinder, cone, sphere) by observing and describing their physical features' (in Grade 2/Chapter2_Shapes_Around_Us) is a prerequisite of a skill under this concept.""}]",[]
CBSE,Maths,Grade 3,Chapter2_Toy_Joy,Combining 3D shapes to make models and structures,Describe the sequence in which shapes are arranged in a model,"[""3D shapes: cube, cuboid, cylinder, cone, sphere"", ""Cube as a special type of cuboid""]","[""Name the 3D shapes used to construct models such as rockets, engines, and houses""]",[],[],"[{""grade"": ""Grade 1"", ""chapter"": ""Chapter 2"", ""concept"": ""3D shapes: spherical (round), cylindrical, conical, cuboid"", ""reason"": ""Derived from skill prerequisite: 'Construct structures using objects of different shapes' (in Grade 1/Chapter 2) is a prerequisite of a skill under this concept.""}, {""grade"": ""Grade 2"", ""chapter"": ""Chapter2_Shapes_Around_Us"", ""concept"": ""Identifying and naming 3D shapes"", ""reason"": ""Derived from skill prerequisite: 'Identify and name basic 3D shapes (cuboid, cylinder, cone, sphere) by observing and describing their physical features' (in Grade 2/Chapter2_Shapes_Around_Us) is a prerequisite of a skill under this concept.""}]",[]
CBSE,Maths,Grade 3,Chapter2_Toy_Joy,Combining 3D shapes to make models and structures,Build models by combining 3D shapes using available materials,"[""3D shapes: cube, cuboid, cylinder, cone, sphere"", ""Cube as a special type of cuboid""]","[""Name the 3D shapes used to construct models such as rockets, engines, and houses"", ""Predict the resulting shape when two or more 3D shapes are joined together""]",[],[],"[{""grade"": ""Grade 1"", ""chapter"": ""Chapter 2"", ""concept"": ""3D shapes: spherical (round), cylindrical, conical, cuboid"", ""reason"": ""Derived from skill prerequisite: 'Construct structures using objects of different shapes' (in Grade 1/Chapter 2) is a prerequisite of a skill under this concept.""}, {""grade"": ""Grade 2"", ""chapter"": ""Chapter2_Shapes_Around_Us"", ""concept"": ""Identifying and naming 3D shapes"", ""reason"": ""Derived from skill prerequisite: 'Identify and name basic 3D shapes (cuboid, cylinder, cone, sphere) by observing and describing their physical features' (in Grade 2/Chapter2_Shapes_Around_Us) is a prerequisite of a skill under this concept.""}]","[{""grade"": ""Grade 1"", ""chapter"": ""Chapter 2"", ""skill"": ""Construct structures using objects of different shapes"", ""reason"": ""Requires the previously learned ability to physically combine differently-shaped objects into a structure.""}]"
CBSE,Maths,Grade 3,Chapter2_Toy_Joy,Combining 3D shapes to make models and structures,Predict the resulting shape when two or more 3D shapes are joined together,"[""3D shapes: cube, cuboid, cylinder, cone, sphere"", ""Cube as a special type of cuboid""]","[""Identify 3D shapes — cube, cuboid, cylinder, cone, and sphere — in real-life objects"", ""Compare 3D shapes by identifying similarities and differences in their properties""]",[],[],"[{""grade"": ""Grade 1"", ""chapter"": ""Chapter 2"", ""concept"": ""3D shapes: spherical (round), cylindrical, conical, cuboid"", ""reason"": ""Derived from skill prerequisite: 'Construct structures using objects of different shapes' (in Grade 1/Chapter 2) is a prerequisite of a skill under this concept.""}, {""grade"": ""Grade 2"", ""chapter"": ""Chapter2_Shapes_Around_Us"", ""concept"": ""Identifying and naming 3D shapes"", ""reason"": ""Derived from skill prerequisite: 'Identify and name basic 3D shapes (cuboid, cylinder, cone, sphere) by observing and describing their physical features' (in Grade 2/Chapter2_Shapes_Around_Us) is a prerequisite of a skill under this concept.""}]",[]
